{"randomcharacter rolls a new 0th-level character":[0.8323149614925587,0.9395799820331279,0.49874822526024265,0.05930894615311244,0.4496027247991772,0.6217868193537068,0.6857947426106639,0.10925950634762227,0.2936681505632286,0.8469792045765612,0.04008371836391733,0.9435043498390681,0.6266440579796473,0.22183041701639872,0.7412409956521802,0.14269192589415125,0.936386282995523,0.3714197371833672,0.9842033737054909,0.32040619426683814,0.05873091843803624,0.4082374822113499,0.40172207419127637,0.5461429979277619,0.02745961118606366],"randomcharacter rolls a new 1st-level character":[0.10051197479206175,0.5224989574040779,0.09210104305199551,0.32783004722557774,0.5345587491314143,0.5715619667425016,0.48752765649922924,0.6904038629168645,0.03218123517163396,0.7478005922981301,0.024177633869849835,0.1293588393649041,0.036496422477168,0.10856666579172125,0.9937958628683863,0.984427940859713,0.004163624476411165,0.00832033119990605,0.5163988503685417,0.10242672086145088,0.30502686654726974,0.42489066390242347,0.04320730728100086,0.8774326435451378]}